{
	"type": "doubleTurret",
	"name": "Chroma",
	"description": "mmm...",
	"targetAir": true,
	"targetGround": true,
   "health": 340,
	"size": 2,
	"reload": 30,
   "recoil": 2,
	"shootCone": 590,
	"shootSound":"shootSmall",
	"rotateSpeed": 1,
	"shots": 2,
	"range": 100,
	"burstSpacing": 90,
	"ammo": {
		"copper": {
			"speed": 14,
			"damage": 11
			"bulletWidth": 10,
			"bulletHeight": 20
			"shootEffect": "shootSmall",
			"smokeEffect": "shootSmallSmoke",
			"ammoMultiplier": 1
},
		"lead": {
			"speed": 11,
			"damage": 18,
			"bulletWidth": 10,
			"bulletHeight": 20,
			"shootEffect": "shootSmall",
			"smokeEffect": "shootSmallSmoke",
			"ammoMultiplier": 1
		}
	},
	"requirements": [
		{ "item": "lead", "amount": 25 },
		{ "item": "copper", "amount": 50},
	],
	"category": "turret",
	"research": "duo"
}
