{
	"name": "Diff. Drill",
	"description": "...",
	"type": "Drill",
	"size": 3,
	"tier": 4,
	"drillTime": 90,
	"requirements": [
		{ "item": "copper", "amount": 140 },
		{ "item": "graphite", "amount": 70 },
		{ "item": "titanium", "amount": 100 },
		{ "item": "silicon", "amount": 50 },
		{ "item": "lead", "amount": 50 },
		{ "item": "plastanium", "amount": 25 }
],
	"consumes": {
		"power": 1.0,
		"liquid": {
		    "liquid": "water",
		    "amount": 0.2,
		    "booster": true
		}
	},
	"category": "production",
	"research": "laser-drill"
}
