{
	"name": "Plastic press",
	"type": "GenericCrafter",
	"description": "Just a plastic press, xD",
	"hasPower": true,
	"size": 2,
	"hasLiquids": true,
	"craftTime": 300,
	"updateEffect": "smeltsmoke",
	"itemCapacity": 20,
	"consumes": {
     "power": 0.1,
		"liquid": {
			"liquid": "oil", 
			"amount": 0.1,
			"booster": false
		},
	},
	"requirements": [
		{"item": "copper", "amount": 175},
		{"item": "lead", "amount": 300}
	],
	"category": "crafting",
	"research": "kiln",
	"outputItem": {"item": "plastic", "amount": 4}
}
