{
	"type": "burstTurret",
	"name": "Rainbow flash",
	"description": "Sprays rainbow sand!",
	"targetAir": true,
	"targetGround": true,
   "health": 900,
	"size": 2,
	"inaccuracy": 0,
	"reload": 0.1,
	"shootCone": 40,
	"shootSound": "shootBig",
	"rotateSpeed": 900,
	"shots": 10,
	"range": 800,
	"burstSpacing": 15,
	"ammo": {
		"rainbowSand": {
			"speed": 20,
			"damage": 400,
			"bulletWidth": 10,
			"bulletHeight": 60,
			"backColor": "#FF37E9FF",
			"frontColor": "#FF3737FF",
			"shootEffect": "shootBig",
			"smokeEffect": "shootBigSmoke",
			"ammoMultiplier": 2,
		}
	},
	"requirements": [
		{ "item": "rainbowIngot", "amount": 150 },
		{ "item": "lead", "amount": 30 },
		{ "item": "thorium", "amount": 40 },
		{ "item": "copper", "amount": 25 }
	],
	"category": "turret",
	"research": "duo"
}
