{
	"type": "doubleTurret",
	"name": "Relstron",
	"description": "Big laser turret!",
	"targetAir": true,
	"targetGround": true,
   "health": 1700,
	"size": 4,
	"reload": 30,
   "recoil": 10,
	"shootCone": 590,
	"shootSound":"laser",
	"rotateSpeed": 1,
	"shots": 2,
	"range": 900,
	"burstSpacing": 90,
	"ammo": {
		"gold": {
			"speed": 21.0,
			"damage": 230
			"bulletWidth": 10,
			"bulletHeight": 60,
			"shootEffect": "shootBig",
       "backColor": "#5DFFFAFF",
       "frontColor": "#5DFFFAFF",
			"smokeEffect": "shootBigSmoke",
			"ammoMultiplier": 1
},
		"rainbowIngot": {
			"speed": 22.0,
			"damage": 480,
			"bulletWidth": 10,
			"bulletHeight": 60,
			"shootEffect": "shootBig",
       "backColor": "#5DFFFAFF",
       "frontColor": "#5DFFFAFF",
			"smokeEffect": "shootBigSmoke",
			"ammoMultiplier": 2
		}
	},
	"requirements": [
		{ "item": "gold", "amount": 750 },
		{ "item": "titanium", "amount": 500 },
		{ "item": "silicon", "amount": 750 },
		{ "item": "thorium", "amount": 500 }
	],
	"category": "turret",
	"research": "arc"
}
